,L_dp,Height of dense-packed zone,sol.status,t_end,CompTime
0,0.5404000000000001,0.03992169918596306,0,200,0 days 00:08:39.773925
