,L_dp,Height of dense-packed zone,sol.status,t_end,CompTime
0,1.0,0.09935318336989829,1,85.03217086262933,0 days 00:03:22.704934
