,L_dp,Height of dense-packed zone,sol.status,t_end,CompTime
0,0.37520000000000003,0.039885877660411274,0,200,0 days 00:07:51.772888
