,L_dp,Height of dense-packed zone,sol.status,t_end,CompTime
0,0.40880000000000005,0.039912599413572676,0,200,0 days 00:08:29.140843
