,L_dp,Height of dense-packed zone,sol.status,t_end,CompTime
0,1.0,0.09903477237269503,1,31.851389391687032,0 days 00:01:28.256620
