,L_dp,Height of dense-packed zone,sol.status,t_end,CompTime
0,1.0,0.09930484103213118,1,96.60253230040487,0 days 00:03:35.998702
