,L_dp,Height of dense-packed zone,sol.status,t_end,CompTime
0,0.36400000000000005,0.03986223187914142,0,200,0 days 00:08:30.652420
