,L_dp,Height of dense-packed zone,sol.status,t_end,CompTime
0,0.29960000000000003,0.03979113752477069,0,200,0 days 00:06:45.680898
