,L_dp,Height of dense-packed zone,sol.status,t_end,CompTime
0,0.44800000000000006,0.03985880846288591,0,200,0 days 00:08:22.112610
