,L_dp,Height of dense-packed zone,sol.status,t_end,CompTime
0,0.31920000000000004,0.039858257917100175,0,200,0 days 00:07:48.312267
