,L_dp,Height of dense-packed zone,sol.status,t_end,CompTime
0,1.0,0.099557393541258,1,123.62917856504492,0 days 00:05:23.844625
