,L_dp,Height of dense-packed zone,sol.status,t_end,CompTime
0,0.56,0.0940373144567552,1,21.575502592180197,0 days 00:01:30.100604
