,L_dp,Height of dense-packed zone,sol.status,t_end,CompTime
0,0.23240000000000002,0.039676294411126835,0,200,0 days 00:08:05.685338
