,L_dp,Height of dense-packed zone,sol.status,t_end,CompTime
0,0.34720000000000006,0.0395288704940018,0,200,0 days 00:01:20.391839
