,L_dp,Height of dense-packed zone,sol.status,t_end,CompTime
0,0.18760000000000002,0.03959535011904154,0,200,0 days 00:07:09.374930
