,L_dp,Height of dense-packed zone,sol.status,t_end,CompTime
0,0.15960000000000002,0.039835071183691714,0,200,0 days 00:07:42.928678
