,L_dp,Height of dense-packed zone,sol.status,t_end,CompTime
0,0.3509333333333334,0.03991436076947112,0,200,0 days 00:03:57.860581
