,L_dp,Height of dense-packed zone,sol.status,t_end,CompTime
0,0.35342222222222225,0.03997871936256547,0,200,0 days 00:19:51.156800
