,L_dp,Height of dense-packed zone,sol.status,t_end,CompTime
0,0.41720000000000007,0.03977230724956478,0,200,0 days 00:08:51.907954
