,L_dp,Height of dense-packed zone,sol.status,t_end,CompTime
0,0.39480000000000004,0.0398083648100552,0,200,0 days 00:08:15.339333
