,L_dp,Height of dense-packed zone,sol.status,t_end,CompTime
0,0.10920000000000002,0.03983557137944133,0,200,0 days 00:07:45.321502
