,L_dp,Height of dense-packed zone,sol.status,t_end,CompTime
0,0.56,0.09402325545801654,1,32.11742655045221,0 days 00:01:34.771412
