,L_dp,Height of dense-packed zone,sol.status,t_end,CompTime
0,0.35373333333333334,0.03991436076947113,0,200,0 days 00:15:49.379427
