,L_dp,Height of dense-packed zone,sol.status,t_end,CompTime
0,0.32760000000000006,0.03993427745315388,0,200,0 days 00:07:42.566239
