,L_dp,Height of dense-packed zone,sol.status,t_end,CompTime
0,0.56,0.09401435595776007,1,8.283240609999122,0 days 00:01:25.745805
