,L_dp,Height of dense-packed zone,sol.status,t_end,CompTime
0,0.27160000000000006,0.03998627526518677,0,200,0 days 00:07:50.571370
