,L_dp,Height of dense-packed zone,sol.status,t_end,CompTime
0,0.4564000000000001,0.03985217188782029,0,200,0 days 00:08:16.432598
