,L_dp,Height of dense-packed zone,sol.status,t_end,CompTime
0,1.0,0.09898824087199026,1,34.36126820788652,0 days 00:01:19.997387
