,L_dp,Height of dense-packed zone,sol.status,t_end,CompTime
0,0.13440000000000002,0.03987006810443182,0,200,0 days 00:07:38.491795
