,L_dp,Height of dense-packed zone,sol.status,t_end,CompTime
0,0.22680000000000003,0.0399262463238838,0,200,0 days 00:06:40.039140
