,L_dp,Height of dense-packed zone,sol.status,t_end,CompTime
0,0.13160000000000002,0.03988416564748928,0,200,0 days 00:07:31.052341
