,L_dp,Height of dense-packed zone,sol.status,t_end,CompTime
0,0.30800000000000005,0.03992382085142449,0,200,0 days 00:06:54.013128
