,L_dp,Height of dense-packed zone,sol.status,t_end,CompTime
0,0.35350000000000004,0.039962626760056824,0,200,0 days 00:19:47.355905
