,L_dp,Height of dense-packed zone,sol.status,t_end,CompTime
0,1.0,0.09951724073213078,1,177.44913537662052,0 days 00:06:22.196260
