,L_dp,Height of dense-packed zone,sol.status,t_end,CompTime
0,0.56,0.0940160386905978,1,10.100926084208304,0 days 00:01:29.429875
