,L_dp,Height of dense-packed zone,sol.status,t_end,CompTime
0,0.56,0.09402709622240915,1,14.425165897343263,0 days 00:01:33.727282
